latitude,longitude
26.399708846960152,87.30122293425296
26.399708846960152,87.60122430653752
26.399708846960152,88.00122613625024
26.49970930438834,86.60121973225569
26.49970930438834,86.70122018968385
26.49970930438834,86.80122064711202
26.49970930438834,86.90122110454024
26.49970930438834,87.10122201939657
26.49970930438834,87.2012224768248
26.49970930438834,87.30122293425296
26.49970930438834,87.40122339168113
26.49970930438834,87.50122384910935
26.49970930438834,87.60122430653752
26.49970930438834,87.70122476396568
26.49970930438834,87.8012252213939
26.49970930438834,87.90122567882207
26.49970930438834,88.00122613625024
26.599709761816527,85.90121653025835
26.599709761816527,86.20121790254291
26.599709761816527,86.4012188173993
26.599709761816527,86.50121927482746
26.599709761816527,86.60121973225569
26.599709761816527,86.70122018968385
26.599709761816527,86.80122064711202
26.599709761816527,86.90122110454024
26.599709761816527,87.0012215619684
26.599709761816527,87.10122201939657
26.599709761816527,87.2012224768248
26.599709761816527,87.30122293425296
26.599709761816527,87.40122339168113
26.599709761816527,87.50122384910935
26.599709761816527,87.60122430653752
26.599709761816527,87.70122476396568
26.599709761816527,87.8012252213939
26.599709761816527,87.90122567882207
26.599709761816527,88.00122613625024
26.599709761816527,88.10122659367846
26.699710219244707,85.80121607283019
26.699710219244707,85.90121653025835
26.699710219244707,86.00121698768658
26.699710219244707,86.10121744511474
26.699710219244707,86.20121790254291
26.699710219244707,86.30121835997113
26.699710219244707,86.4012188173993
26.699710219244707,86.50121927482746
26.699710219244707,86.60121973225569
26.699710219244707,86.70122018968385
26.699710219244707,86.80122064711202
26.699710219244707,86.90122110454024
26.699710219244707,87.0012215619684
26.699710219244707,87.10122201939657
26.699710219244707,87.2012224768248
26.699710219244707,87.30122293425296
26.699710219244707,87.40122339168113
26.699710219244707,87.50122384910935
26.699710219244707,87.60122430653752
26.699710219244707,87.70122476396568
26.699710219244707,87.8012252213939
26.699710219244707,87.90122567882207
26.699710219244707,88.00122613625024
26.699710219244707,88.10122659367846
26.79971067667289,85.20121332826108
26.79971067667289,85.30121378568924
26.79971067667289,85.40121424311747
26.79971067667289,85.80121607283019
26.79971067667289,85.90121653025835
26.79971067667289,86.00121698768658
26.79971067667289,86.10121744511474
26.79971067667289,86.20121790254291
26.79971067667289,86.30121835997113
26.79971067667289,86.4012188173993
26.79971067667289,86.50121927482746
26.79971067667289,86.60121973225569
26.79971067667289,86.70122018968385
26.79971067667289,86.80122064711202
26.79971067667289,86.90122110454024
26.79971067667289,87.0012215619684
26.79971067667289,87.10122201939657
26.79971067667289,87.2012224768248
26.79971067667289,87.30122293425296
26.79971067667289,87.40122339168113
26.79971067667289,87.50122384910935
26.79971067667289,87.60122430653752
26.79971067667289,87.70122476396568
26.79971067667289,87.8012252213939
26.79971067667289,87.90122567882207
26.79971067667289,88.00122613625024
26.79971067667289,88.10122659367846
26.89971113410108,85.00121241340469
26.89971113410108,85.10121287083291
26.89971113410108,85.20121332826108
26.89971113410108,85.30121378568924
26.89971113410108,85.40121424311747
26.89971113410108,85.50121470054563
26.89971113410108,85.6012151579738
26.89971113410108,85.70121561540202
26.89971113410108,85.80121607283019
26.89971113410108,85.90121653025835
26.89971113410108,86.00121698768658
26.89971113410108,86.10121744511474
26.89971113410108,86.20121790254291
26.89971113410108,86.30121835997113
26.89971113410108,86.4012188173993
26.89971113410108,86.50121927482746
26.89971113410108,86.60121973225569
26.89971113410108,86.70122018968385
26.89971113410108,86.80122064711202
26.89971113410108,86.90122110454024
26.89971113410108,87.0012215619684
26.89971113410108,87.10122201939657
26.89971113410108,87.2012224768248
26.89971113410108,87.30122293425296
26.89971113410108,87.40122339168113
26.89971113410108,87.50122384910935
26.89971113410108,87.60122430653752
26.89971113410108,87.70122476396568
26.89971113410108,87.8012252213939
26.89971113410108,87.90122567882207
26.89971113410108,88.00122613625024
26.89971113410108,88.10122659367846
26.999711591529262,84.90121195597652
26.999711591529262,85.00121241340469
26.999711591529262,85.10121287083291
26.999711591529262,85.20121332826108
26.999711591529262,85.30121378568924
26.999711591529262,85.40121424311747
26.999711591529262,85.50121470054563
26.999711591529262,85.6012151579738
26.999711591529262,85.70121561540202
26.999711591529262,85.80121607283019
26.999711591529262,85.90121653025835
26.999711591529262,86.00121698768658
26.999711591529262,86.10121744511474
26.999711591529262,86.20121790254291
26.999711591529262,86.30121835997113
26.999711591529262,86.4012188173993
26.999711591529262,86.50121927482746
26.999711591529262,86.60121973225569
26.999711591529262,86.70122018968385
26.999711591529262,86.80122064711202
26.999711591529262,86.90122110454024
26.999711591529262,87.0012215619684
26.999711591529262,87.10122201939657
26.999711591529262,87.2012224768248
26.999711591529262,87.30122293425296
26.999711591529262,87.40122339168113
26.999711591529262,87.50122384910935
26.999711591529262,87.60122430653752
26.999711591529262,87.70122476396568
26.999711591529262,87.8012252213939
26.999711591529262,87.90122567882207
26.999711591529262,88.00122613625024
26.999711591529262,88.10122659367846
27.09971204895745,84.70121104112013
27.09971204895745,84.80121149854835
27.09971204895745,84.90121195597652
27.09971204895745,85.00121241340469
27.09971204895745,85.10121287083291
27.09971204895745,85.20121332826108
27.09971204895745,85.30121378568924
27.09971204895745,85.40121424311747
27.09971204895745,85.50121470054563
27.09971204895745,85.6012151579738
27.09971204895745,85.70121561540202
27.09971204895745,85.80121607283019
27.09971204895745,85.90121653025835
27.09971204895745,86.00121698768658
27.09971204895745,86.10121744511474
27.09971204895745,86.20121790254291
27.09971204895745,86.30121835997113
27.09971204895745,86.4012188173993
27.09971204895745,86.50121927482746
27.09971204895745,86.60121973225569
27.09971204895745,86.70122018968385
27.09971204895745,86.80122064711202
27.09971204895745,86.90122110454024
27.09971204895745,87.0012215619684
27.09971204895745,87.10122201939657
27.09971204895745,87.2012224768248
27.09971204895745,87.30122293425296
27.09971204895745,87.40122339168113
27.09971204895745,87.50122384910935
27.09971204895745,87.60122430653752
27.09971204895745,87.70122476396568
27.09971204895745,87.8012252213939
27.09971204895745,87.90122567882207
27.09971204895745,88.00122613625024
27.19971250638564,84.70121104112013
27.19971250638564,84.80121149854835
27.19971250638564,84.90121195597652
27.19971250638564,85.00121241340469
27.19971250638564,85.10121287083291
27.19971250638564,85.20121332826108
27.19971250638564,85.30121378568924
27.19971250638564,85.40121424311747
27.19971250638564,85.50121470054563
27.19971250638564,85.6012151579738
27.19971250638564,85.70121561540202
27.19971250638564,85.80121607283019
27.19971250638564,85.90121653025835
27.19971250638564,86.00121698768658
27.19971250638564,86.10121744511474
27.19971250638564,86.20121790254291
27.19971250638564,86.30121835997113
27.19971250638564,86.4012188173993
27.19971250638564,86.50121927482746
27.19971250638564,86.60121973225569
27.19971250638564,86.70122018968385
27.19971250638564,86.80122064711202
27.19971250638564,86.90122110454024
27.19971250638564,87.0012215619684
27.19971250638564,87.10122201939657
27.19971250638564,87.2012224768248
27.19971250638564,87.30122293425296
27.19971250638564,87.40122339168113
27.19971250638564,87.50122384910935
27.19971250638564,87.60122430653752
27.19971250638564,87.70122476396568
27.19971250638564,87.8012252213939
27.19971250638564,87.90122567882207
27.19971250638564,88.00122613625024
27.299712963813818,84.70121104112013
27.299712963813818,84.80121149854835
27.299712963813818,84.90121195597652
27.299712963813818,85.00121241340469
27.299712963813818,85.10121287083291
27.299712963813818,85.20121332826108
27.299712963813818,85.30121378568924
27.299712963813818,85.40121424311747
27.299712963813818,85.50121470054563
27.299712963813818,85.6012151579738
27.299712963813818,85.70121561540202
27.299712963813818,85.80121607283019
27.299712963813818,85.90121653025835
27.299712963813818,86.00121698768658
27.299712963813818,86.10121744511474
27.299712963813818,86.20121790254291
27.299712963813818,86.30121835997113
27.299712963813818,86.4012188173993
27.299712963813818,86.50121927482746
27.299712963813818,86.60121973225569
27.299712963813818,86.70122018968385
27.299712963813818,86.80122064711202
27.299712963813818,86.90122110454024
27.299712963813818,87.0012215619684
27.299712963813818,87.10122201939657
27.299712963813818,87.2012224768248
27.299712963813818,87.30122293425296
27.299712963813818,87.40122339168113
27.299712963813818,87.50122384910935
27.299712963813818,87.60122430653752
27.299712963813818,87.70122476396568
27.299712963813818,87.8012252213939
27.299712963813818,87.90122567882207
27.299712963813818,88.00122613625024
27.399713421242005,83.30120463712558
27.399713421242005,83.40120509455375
27.399713421242005,83.80120692426647
27.399713421242005,84.30120921140741
27.399713421242005,84.40120966883558
27.399713421242005,84.5012101262638
27.399713421242005,84.60121058369197
27.399713421242005,84.70121104112013
27.399713421242005,84.80121149854835
27.399713421242005,84.90121195597652
27.399713421242005,85.00121241340469
27.399713421242005,85.10121287083291
27.399713421242005,85.20121332826108
27.399713421242005,85.30121378568924
27.399713421242005,85.40121424311747
27.399713421242005,85.50121470054563
27.399713421242005,85.6012151579738
27.399713421242005,85.70121561540202
27.399713421242005,85.80121607283019
27.399713421242005,85.90121653025835
27.399713421242005,86.00121698768658
27.399713421242005,86.10121744511474
27.399713421242005,86.20121790254291
27.399713421242005,86.30121835997113
27.399713421242005,86.4012188173993
27.399713421242005,86.50121927482746
27.399713421242005,86.60121973225569
27.399713421242005,86.70122018968385
27.399713421242005,86.80122064711202
27.399713421242005,86.90122110454024
27.399713421242005,87.0012215619684
27.399713421242005,87.10122201939657
27.399713421242005,87.2012224768248
27.399713421242005,87.30122293425296
27.399713421242005,87.40122339168113
27.399713421242005,87.50122384910935
27.399713421242005,87.60122430653752
27.399713421242005,87.70122476396568
27.399713421242005,87.8012252213939
27.399713421242005,87.90122567882207
27.399713421242005,88.00122613625024
27.499713878670192,82.80120234998464
27.499713878670192,83.00120326484102
27.499713878670192,83.10120372226919
27.499713878670192,83.20120417969736
27.499713878670192,83.30120463712558
27.499713878670192,83.40120509455375
27.499713878670192,83.50120555198191
27.499713878670192,83.60120600941013
27.499713878670192,83.7012064668383
27.499713878670192,83.80120692426647
27.499713878670192,83.90120738169469
27.499713878670192,84.00120783912286
27.499713878670192,84.10120829655102
27.499713878670192,84.20120875397924
27.499713878670192,84.30120921140741
27.499713878670192,84.40120966883558
27.499713878670192,84.5012101262638
27.499713878670192,84.60121058369197
27.499713878670192,84.70121104112013
27.499713878670192,84.80121149854835
27.499713878670192,84.90121195597652
27.499713878670192,85.00121241340469
27.499713878670192,85.10121287083291
27.499713878670192,85.20121332826108
27.499713878670192,85.30121378568924
27.499713878670192,85.40121424311747
27.499713878670192,85.50121470054563
27.499713878670192,85.6012151579738
27.499713878670192,85.70121561540202
27.499713878670192,85.80121607283019
27.499713878670192,85.90121653025835
27.499713878670192,86.00121698768658
27.499713878670192,86.10121744511474
27.499713878670192,86.20121790254291
27.499713878670192,86.30121835997113
27.499713878670192,86.4012188173993
27.499713878670192,86.50121927482746
27.499713878670192,86.60121973225569
27.499713878670192,86.70122018968385
27.499713878670192,86.80122064711202
27.499713878670192,86.90122110454024
27.499713878670192,87.0012215619684
27.499713878670192,87.10122201939657
27.499713878670192,87.2012224768248
27.499713878670192,87.30122293425296
27.499713878670192,87.40122339168113
27.499713878670192,87.50122384910935
27.499713878670192,87.60122430653752
27.499713878670192,87.70122476396568
27.499713878670192,87.8012252213939
27.499713878670192,87.90122567882207
27.499713878670192,88.00122613625024
27.59971433609838,82.80120234998464
27.59971433609838,82.9012028074128
27.59971433609838,83.00120326484102
27.59971433609838,83.10120372226919
27.59971433609838,83.20120417969736
27.59971433609838,83.30120463712558
27.59971433609838,83.40120509455375
27.59971433609838,83.50120555198191
27.59971433609838,83.60120600941013
27.59971433609838,83.7012064668383
27.59971433609838,83.80120692426647
27.59971433609838,83.90120738169469
27.59971433609838,84.00120783912286
27.59971433609838,84.10120829655102
27.59971433609838,84.20120875397924
27.59971433609838,84.30120921140741
27.59971433609838,84.40120966883558
27.59971433609838,84.5012101262638
27.59971433609838,84.60121058369197
27.59971433609838,84.70121104112013
27.59971433609838,84.80121149854835
27.59971433609838,84.90121195597652
27.59971433609838,85.00121241340469
27.59971433609838,85.10121287083291
27.59971433609838,85.20121332826108
27.59971433609838,85.30121378568924
27.59971433609838,85.40121424311747
27.59971433609838,85.50121470054563
27.59971433609838,85.6012151579738
27.59971433609838,85.70121561540202
27.59971433609838,85.80121607283019
27.59971433609838,85.90121653025835
27.59971433609838,86.00121698768658
27.59971433609838,86.10121744511474
27.59971433609838,86.20121790254291
27.59971433609838,86.30121835997113
27.59971433609838,86.4012188173993
27.59971433609838,86.50121927482746
27.59971433609838,86.60121973225569
27.59971433609838,86.70122018968385
27.59971433609838,86.80122064711202
27.59971433609838,86.90122110454024
27.59971433609838,87.0012215619684
27.59971433609838,87.10122201939657
27.59971433609838,87.2012224768248
27.59971433609838,87.30122293425296
27.59971433609838,87.40122339168113
27.59971433609838,87.50122384910935
27.59971433609838,87.60122430653752
27.59971433609838,87.70122476396568
27.59971433609838,87.8012252213939
27.59971433609838,87.90122567882207
27.59971433609838,88.00122613625024
27.69971479352656,82.50120097770008
27.69971479352656,82.80120234998464
27.69971479352656,82.9012028074128
27.69971479352656,83.00120326484102
27.69971479352656,83.10120372226919
27.69971479352656,83.20120417969736
27.69971479352656,83.30120463712558
27.69971479352656,83.40120509455375
27.69971479352656,83.50120555198191
27.69971479352656,83.60120600941013
27.69971479352656,83.7012064668383
27.69971479352656,83.80120692426647
27.69971479352656,83.90120738169469
27.69971479352656,84.00120783912286
27.69971479352656,84.10120829655102
27.69971479352656,84.20120875397924
27.69971479352656,84.30120921140741
27.69971479352656,84.40120966883558
27.69971479352656,84.5012101262638
27.69971479352656,84.60121058369197
27.69971479352656,84.70121104112013
27.69971479352656,84.80121149854835
27.69971479352656,84.90121195597652
27.69971479352656,85.00121241340469
27.69971479352656,85.10121287083291
27.69971479352656,85.20121332826108
27.69971479352656,85.30121378568924
27.69971479352656,85.40121424311747
27.69971479352656,85.50121470054563
27.69971479352656,85.6012151579738
27.69971479352656,85.70121561540202
27.69971479352656,85.80121607283019
27.69971479352656,85.90121653025835
27.69971479352656,86.00121698768658
27.69971479352656,86.10121744511474
27.69971479352656,86.20121790254291
27.69971479352656,86.30121835997113
27.69971479352656,86.4012188173993
27.69971479352656,86.50121927482746
27.69971479352656,86.60121973225569
27.69971479352656,86.70122018968385
27.69971479352656,86.80122064711202
27.69971479352656,86.90122110454024
27.69971479352656,87.0012215619684
27.69971479352656,87.10122201939657
27.69971479352656,87.2012224768248
27.69971479352656,87.30122293425296
27.69971479352656,87.40122339168113
27.69971479352656,87.50122384910935
27.69971479352656,87.60122430653752
27.69971479352656,87.70122476396568
27.69971479352656,87.8012252213939
27.69971479352656,87.90122567882207
27.69971479352656,88.00122613625024
27.69971479352656,88.10122659367846
27.799715250954748,82.30120006284369
27.799715250954748,82.40120052027191
27.799715250954748,82.50120097770008
27.799715250954748,82.60120143512825
27.799715250954748,82.70120189255647
27.799715250954748,82.80120234998464
27.799715250954748,82.9012028074128
27.799715250954748,83.00120326484102
27.799715250954748,83.10120372226919
27.799715250954748,83.20120417969736
27.799715250954748,83.30120463712558
27.799715250954748,83.40120509455375
27.799715250954748,83.50120555198191
27.799715250954748,83.60120600941013
27.799715250954748,83.7012064668383
27.799715250954748,83.80120692426647
27.799715250954748,83.90120738169469
27.799715250954748,84.00120783912286
27.799715250954748,84.10120829655102
27.799715250954748,84.20120875397924
27.799715250954748,84.30120921140741
27.799715250954748,84.40120966883558
27.799715250954748,84.5012101262638
27.799715250954748,84.60121058369197
27.799715250954748,84.70121104112013
27.799715250954748,84.80121149854835
27.799715250954748,84.90121195597652
27.799715250954748,85.00121241340469
27.799715250954748,85.10121287083291
27.799715250954748,85.20121332826108
27.799715250954748,85.30121378568924
27.799715250954748,85.40121424311747
27.799715250954748,85.50121470054563
27.799715250954748,85.6012151579738
27.799715250954748,85.70121561540202
27.799715250954748,85.80121607283019
27.799715250954748,85.90121653025835
27.799715250954748,86.00121698768658
27.799715250954748,86.10121744511474
27.799715250954748,86.20121790254291
27.799715250954748,86.30121835997113
27.799715250954748,86.4012188173993
27.799715250954748,86.50121927482746
27.799715250954748,86.60121973225569
27.799715250954748,86.70122018968385
27.799715250954748,86.80122064711202
27.799715250954748,86.90122110454024
27.799715250954748,87.0012215619684
27.799715250954748,87.10122201939657
27.799715250954748,87.2012224768248
27.799715250954748,87.30122293425296
27.799715250954748,87.40122339168113
27.799715250954748,87.50122384910935
27.799715250954748,87.60122430653752
27.799715250954748,87.70122476396568
27.799715250954748,87.8012252213939
27.799715250954748,87.90122567882207
27.799715250954748,88.00122613625024
27.799715250954748,88.10122659367846
27.89971570838293,81.90119823313097
27.89971570838293,82.10119914798736
27.89971570838293,82.20119960541552
27.89971570838293,82.30120006284369
27.89971570838293,82.40120052027191
27.89971570838293,82.50120097770008
27.89971570838293,82.60120143512825
27.89971570838293,82.70120189255647
27.89971570838293,82.80120234998464
27.89971570838293,82.9012028074128
27.89971570838293,83.00120326484102
27.89971570838293,83.10120372226919
27.89971570838293,83.20120417969736
27.89971570838293,83.30120463712558
27.89971570838293,83.40120509455375
27.89971570838293,83.50120555198191
27.89971570838293,83.60120600941013
27.89971570838293,83.7012064668383
27.89971570838293,83.80120692426647
27.89971570838293,83.90120738169469
27.89971570838293,84.00120783912286
27.89971570838293,84.10120829655102
27.89971570838293,84.20120875397924
27.89971570838293,84.30120921140741
27.89971570838293,84.40120966883558
27.89971570838293,84.5012101262638
27.89971570838293,84.60121058369197
27.89971570838293,84.70121104112013
27.89971570838293,84.80121149854835
27.89971570838293,84.90121195597652
27.89971570838293,85.00121241340469
27.89971570838293,85.10121287083291
27.89971570838293,85.20121332826108
27.89971570838293,85.30121378568924
27.89971570838293,85.40121424311747
27.89971570838293,85.50121470054563
27.89971570838293,85.6012151579738
27.89971570838293,85.70121561540202
27.89971570838293,85.80121607283019
27.89971570838293,85.90121653025835
27.89971570838293,86.00121698768658
27.89971570838293,86.10121744511474
27.89971570838293,86.20121790254291
27.89971570838293,86.30121835997113
27.89971570838293,86.4012188173993
27.89971570838293,86.50121927482746
27.89971570838293,86.60121973225569
27.89971570838293,86.70122018968385
27.89971570838293,86.80122064711202
27.89971570838293,86.90122110454024
27.89971570838293,87.0012215619684
27.89971570838293,87.8012252213939
27.89971570838293,87.90122567882207
27.999716165811115,81.70119731827458
27.999716165811115,81.8011977757028
27.999716165811115,81.90119823313097
27.999716165811115,82.00119869055914
27.999716165811115,82.10119914798736
27.999716165811115,82.20119960541552
27.999716165811115,82.30120006284369
27.999716165811115,82.40120052027191
27.999716165811115,82.50120097770008
27.999716165811115,82.60120143512825
27.999716165811115,82.70120189255647
27.999716165811115,82.80120234998464
27.999716165811115,82.9012028074128
27.999716165811115,83.00120326484102
27.999716165811115,83.10120372226919
27.999716165811115,83.20120417969736
27.999716165811115,83.30120463712558
27.999716165811115,83.40120509455375
27.999716165811115,83.50120555198191
27.999716165811115,83.60120600941013
27.999716165811115,83.7012064668383
27.999716165811115,83.80120692426647
27.999716165811115,83.90120738169469
27.999716165811115,84.00120783912286
27.999716165811115,84.10120829655102
27.999716165811115,84.20120875397924
27.999716165811115,84.30120921140741
27.999716165811115,84.40120966883558
27.999716165811115,84.5012101262638
27.999716165811115,84.60121058369197
27.999716165811115,84.70121104112013
27.999716165811115,84.80121149854835
27.999716165811115,84.90121195597652
27.999716165811115,85.00121241340469
27.999716165811115,85.10121287083291
27.999716165811115,85.20121332826108
27.999716165811115,85.30121378568924
27.999716165811115,85.40121424311747
27.999716165811115,85.50121470054563
27.999716165811115,85.6012151579738
27.999716165811115,85.70121561540202
27.999716165811115,85.80121607283019
27.999716165811115,85.90121653025835
27.999716165811115,86.10121744511474
27.999716165811115,86.20121790254291
27.999716165811115,86.60121973225569
27.999716165811115,86.70122018968385
27.999716165811115,86.80122064711202
28.099716623239303,81.50119640341825
28.099716623239303,81.60119686084641
28.099716623239303,81.70119731827458
28.099716623239303,81.8011977757028
28.099716623239303,81.90119823313097
28.099716623239303,82.00119869055914
28.099716623239303,82.10119914798736
28.099716623239303,82.20119960541552
28.099716623239303,82.30120006284369
28.099716623239303,82.40120052027191
28.099716623239303,82.50120097770008
28.099716623239303,82.60120143512825
28.099716623239303,82.70120189255647
28.099716623239303,82.80120234998464
28.099716623239303,82.9012028074128
28.099716623239303,83.00120326484102
28.099716623239303,83.10120372226919
28.099716623239303,83.20120417969736
28.099716623239303,83.30120463712558
28.099716623239303,83.40120509455375
28.099716623239303,83.50120555198191
28.099716623239303,83.60120600941013
28.099716623239303,83.7012064668383
28.099716623239303,83.80120692426647
28.099716623239303,83.90120738169469
28.099716623239303,84.00120783912286
28.099716623239303,84.10120829655102
28.099716623239303,84.20120875397924
28.099716623239303,84.30120921140741
28.099716623239303,84.40120966883558
28.099716623239303,84.5012101262638
28.099716623239303,84.60121058369197
28.099716623239303,84.70121104112013
28.099716623239303,84.80121149854835
28.099716623239303,84.90121195597652
28.099716623239303,85.00121241340469
28.099716623239303,85.10121287083291
28.099716623239303,85.20121332826108
28.099716623239303,85.30121378568924
28.099716623239303,85.40121424311747
28.099716623239303,85.50121470054563
28.099716623239303,85.6012151579738
28.099716623239303,85.70121561540202
28.099716623239303,85.80121607283019
28.099716623239303,86.20121790254291
28.099716623239303,86.70122018968385
28.19971708066749,81.40119594599003
28.19971708066749,81.50119640341825
28.19971708066749,81.60119686084641
28.19971708066749,81.70119731827458
28.19971708066749,81.8011977757028
28.19971708066749,81.90119823313097
28.19971708066749,82.00119869055914
28.19971708066749,82.10119914798736
28.19971708066749,82.20119960541552
28.19971708066749,82.30120006284369
28.19971708066749,82.40120052027191
28.19971708066749,82.50120097770008
28.19971708066749,82.60120143512825
28.19971708066749,82.70120189255647
28.19971708066749,82.80120234998464
28.19971708066749,82.9012028074128
28.19971708066749,83.00120326484102
28.19971708066749,83.10120372226919
28.19971708066749,83.20120417969736
28.19971708066749,83.30120463712558
28.19971708066749,83.40120509455375
28.19971708066749,83.50120555198191
28.19971708066749,83.60120600941013
28.19971708066749,83.7012064668383
28.19971708066749,83.80120692426647
28.19971708066749,83.90120738169469
28.19971708066749,84.00120783912286
28.19971708066749,84.10120829655102
28.19971708066749,84.20120875397924
28.19971708066749,84.30120921140741
28.19971708066749,84.40120966883558
28.19971708066749,84.5012101262638
28.19971708066749,84.60121058369197
28.19971708066749,84.70121104112013
28.19971708066749,84.80121149854835
28.19971708066749,84.90121195597652
28.19971708066749,85.00121241340469
28.19971708066749,85.10121287083291
28.19971708066749,85.20121332826108
28.19971708066749,85.30121378568924
28.19971708066749,85.40121424311747
28.19971708066749,85.50121470054563
28.19971708066749,85.6012151579738
28.19971708066749,85.70121561540202
28.29971753809567,81.30119548856186
28.29971753809567,81.40119594599003
28.29971753809567,81.50119640341825
28.29971753809567,81.60119686084641
28.29971753809567,81.70119731827458
28.29971753809567,81.8011977757028
28.29971753809567,81.90119823313097
28.29971753809567,82.00119869055914
28.29971753809567,82.10119914798736
28.29971753809567,82.20119960541552
28.29971753809567,82.30120006284369
28.29971753809567,82.40120052027191
28.29971753809567,82.50120097770008
28.29971753809567,82.60120143512825
28.29971753809567,82.70120189255647
28.29971753809567,82.80120234998464
28.29971753809567,82.9012028074128
28.29971753809567,83.00120326484102
28.29971753809567,83.10120372226919
28.29971753809567,83.20120417969736
28.29971753809567,83.30120463712558
28.29971753809567,83.40120509455375
28.29971753809567,83.50120555198191
28.29971753809567,83.60120600941013
28.29971753809567,83.7012064668383
28.29971753809567,83.80120692426647
28.29971753809567,83.90120738169469
28.29971753809567,84.00120783912286
28.29971753809567,84.10120829655102
28.29971753809567,84.20120875397924
28.29971753809567,84.30120921140741
28.29971753809567,84.40120966883558
28.29971753809567,84.5012101262638
28.29971753809567,84.60121058369197
28.29971753809567,84.70121104112013
28.29971753809567,84.80121149854835
28.29971753809567,84.90121195597652
28.29971753809567,85.00121241340469
28.29971753809567,85.10121287083291
28.29971753809567,85.20121332826108
28.29971753809567,85.40121424311747
28.29971753809567,85.50121470054563
28.29971753809567,85.70121561540202
28.399717995523854,81.10119457370547
28.399717995523854,81.2011950311337
28.399717995523854,81.30119548856186
28.399717995523854,81.40119594599003
28.399717995523854,81.50119640341825
28.399717995523854,81.60119686084641
28.399717995523854,81.70119731827458
28.399717995523854,81.8011977757028
28.399717995523854,81.90119823313097
28.399717995523854,82.00119869055914
28.399717995523854,82.10119914798736
28.399717995523854,82.20119960541552
28.399717995523854,82.30120006284369
28.399717995523854,82.40120052027191
28.399717995523854,82.50120097770008
28.399717995523854,82.60120143512825
28.399717995523854,82.70120189255647
28.399717995523854,82.80120234998464
28.399717995523854,82.9012028074128
28.399717995523854,83.00120326484102
28.399717995523854,83.10120372226919
28.399717995523854,83.20120417969736
28.399717995523854,83.30120463712558
28.399717995523854,83.40120509455375
28.399717995523854,83.50120555198191
28.399717995523854,83.60120600941013
28.399717995523854,83.7012064668383
28.399717995523854,83.80120692426647
28.399717995523854,83.90120738169469
28.399717995523854,84.00120783912286
28.399717995523854,84.10120829655102
28.399717995523854,84.20120875397924
28.399717995523854,84.30120921140741
28.399717995523854,84.40120966883558
28.399717995523854,84.5012101262638
28.399717995523854,84.60121058369197
28.399717995523854,84.70121104112013
28.399717995523854,84.80121149854835
28.399717995523854,84.90121195597652
28.399717995523854,85.00121241340469
28.399717995523854,85.10121287083291
28.499718452952045,81.0011941162773
28.499718452952045,81.10119457370547
28.499718452952045,81.2011950311337
28.499718452952045,81.30119548856186
28.499718452952045,81.40119594599003
28.499718452952045,81.50119640341825
28.499718452952045,81.60119686084641
28.499718452952045,81.70119731827458
28.499718452952045,81.8011977757028
28.499718452952045,81.90119823313097
28.499718452952045,82.00119869055914
28.499718452952045,82.10119914798736
28.499718452952045,82.20119960541552
28.499718452952045,82.30120006284369
28.499718452952045,82.40120052027191
28.499718452952045,82.50120097770008
28.499718452952045,82.60120143512825
28.499718452952045,82.70120189255647
28.499718452952045,82.80120234998464
28.499718452952045,82.9012028074128
28.499718452952045,83.00120326484102
28.499718452952045,83.10120372226919
28.499718452952045,83.20120417969736
28.499718452952045,83.30120463712558
28.499718452952045,83.40120509455375
28.499718452952045,83.50120555198191
28.499718452952045,83.60120600941013
28.499718452952045,83.7012064668383
28.499718452952045,83.80120692426647
28.499718452952045,83.90120738169469
28.499718452952045,84.00120783912286
28.499718452952045,84.10120829655102
28.499718452952045,84.20120875397924
28.499718452952045,84.30120921140741
28.499718452952045,84.40120966883558
28.499718452952045,84.5012101262638
28.499718452952045,84.60121058369197
28.499718452952045,84.70121104112013
28.499718452952045,84.80121149854835
28.499718452952045,84.90121195597652
28.499718452952045,85.00121241340469
28.499718452952045,85.10121287083291
28.599718910380226,80.50119182913636
28.599718910380226,80.70119274399275
28.599718910380226,80.80119320142092
28.599718910380226,80.90119365884914
28.599718910380226,81.0011941162773
28.599718910380226,81.10119457370547
28.599718910380226,81.2011950311337
28.599718910380226,81.30119548856186
28.599718910380226,81.40119594599003
28.599718910380226,81.50119640341825
28.599718910380226,81.60119686084641
28.599718910380226,81.70119731827458
28.599718910380226,81.8011977757028
28.599718910380226,81.90119823313097
28.599718910380226,82.00119869055914
28.599718910380226,82.10119914798736
28.599718910380226,82.20119960541552
28.599718910380226,82.30120006284369
28.599718910380226,82.40120052027191
28.599718910380226,82.50120097770008
28.599718910380226,82.60120143512825
28.599718910380226,82.70120189255647
28.599718910380226,82.80120234998464
28.599718910380226,82.9012028074128
28.599718910380226,83.00120326484102
28.599718910380226,83.10120372226919
28.599718910380226,83.20120417969736
28.599718910380226,83.30120463712558
28.599718910380226,83.40120509455375
28.599718910380226,83.50120555198191
28.599718910380226,83.60120600941013
28.599718910380226,83.7012064668383
28.599718910380226,83.80120692426647
28.599718910380226,83.90120738169469
28.599718910380226,84.00120783912286
28.599718910380226,84.10120829655102
28.599718910380226,84.20120875397924
28.599718910380226,84.30120921140741
28.599718910380226,84.40120966883558
28.599718910380226,84.5012101262638
28.599718910380226,84.60121058369197
28.599718910380226,84.70121104112013
28.599718910380226,85.00121241340469
28.599718910380226,85.10121287083291
28.699719367808413,80.4011913717082
28.699719367808413,80.50119182913636
28.699719367808413,80.60119228656458
28.699719367808413,80.70119274399275
28.699719367808413,80.80119320142092
28.699719367808413,80.90119365884914
28.699719367808413,81.0011941162773
28.699719367808413,81.10119457370547
28.699719367808413,81.2011950311337
28.699719367808413,81.30119548856186
28.699719367808413,81.40119594599003
28.699719367808413,81.50119640341825
28.699719367808413,81.60119686084641
28.699719367808413,81.70119731827458
28.699719367808413,81.8011977757028
28.699719367808413,81.90119823313097
28.699719367808413,82.00119869055914
28.699719367808413,82.10119914798736
28.699719367808413,82.20119960541552
28.699719367808413,82.30120006284369
28.699719367808413,82.40120052027191
28.699719367808413,82.50120097770008
28.699719367808413,82.60120143512825
28.699719367808413,82.70120189255647
28.699719367808413,82.80120234998464
28.699719367808413,82.9012028074128
28.699719367808413,83.00120326484102
28.699719367808413,83.10120372226919
28.699719367808413,83.20120417969736
28.699719367808413,83.30120463712558
28.699719367808413,83.40120509455375
28.699719367808413,83.50120555198191
28.699719367808413,83.60120600941013
28.699719367808413,83.7012064668383
28.699719367808413,83.80120692426647
28.699719367808413,83.90120738169469
28.699719367808413,84.00120783912286
28.699719367808413,84.10120829655102
28.699719367808413,84.20120875397924
28.699719367808413,84.30120921140741
28.699719367808413,84.40120966883558
28.699719367808413,84.5012101262638
28.699719367808413,84.60121058369197
28.7997198252366,80.2011904568518
28.7997198252366,80.30119091428003
28.7997198252366,80.4011913717082
28.7997198252366,80.50119182913636
28.7997198252366,80.60119228656458
28.7997198252366,80.70119274399275
28.7997198252366,80.80119320142092
28.7997198252366,80.90119365884914
28.7997198252366,81.0011941162773
28.7997198252366,81.10119457370547
28.7997198252366,81.2011950311337
28.7997198252366,81.30119548856186
28.7997198252366,81.40119594599003
28.7997198252366,81.50119640341825
28.7997198252366,81.60119686084641
28.7997198252366,81.70119731827458
28.7997198252366,81.8011977757028
28.7997198252366,81.90119823313097
28.7997198252366,82.00119869055914
28.7997198252366,82.10119914798736
28.7997198252366,82.20119960541552
28.7997198252366,82.30120006284369
28.7997198252366,82.40120052027191
28.7997198252366,82.50120097770008
28.7997198252366,82.60120143512825
28.7997198252366,82.70120189255647
28.7997198252366,82.80120234998464
28.7997198252366,82.9012028074128
28.7997198252366,83.00120326484102
28.7997198252366,83.10120372226919
28.7997198252366,83.20120417969736
28.7997198252366,83.30120463712558
28.7997198252366,83.40120509455375
28.7997198252366,83.50120555198191
28.7997198252366,83.60120600941013
28.7997198252366,83.7012064668383
28.7997198252366,83.80120692426647
28.7997198252366,83.90120738169469
28.7997198252366,84.00120783912286
28.7997198252366,84.10120829655102
28.7997198252366,84.20120875397924
28.7997198252366,84.30120921140741
28.7997198252366,84.40120966883558
28.89972028266478,80.10118999942364
28.89972028266478,80.2011904568518
28.89972028266478,80.30119091428003
28.89972028266478,80.4011913717082
28.89972028266478,80.50119182913636
28.89972028266478,80.60119228656458
28.89972028266478,80.70119274399275
28.89972028266478,80.80119320142092
28.89972028266478,80.90119365884914
28.89972028266478,81.0011941162773
28.89972028266478,81.10119457370547
28.89972028266478,81.2011950311337
28.89972028266478,81.30119548856186
28.89972028266478,81.40119594599003
28.89972028266478,81.50119640341825
28.89972028266478,81.60119686084641
28.89972028266478,81.70119731827458
28.89972028266478,81.8011977757028
28.89972028266478,81.90119823313097
28.89972028266478,82.00119869055914
28.89972028266478,82.10119914798736
28.89972028266478,82.20119960541552
28.89972028266478,82.30120006284369
28.89972028266478,82.40120052027191
28.89972028266478,82.50120097770008
28.89972028266478,82.60120143512825
28.89972028266478,82.70120189255647
28.89972028266478,82.80120234998464
28.89972028266478,82.9012028074128
28.89972028266478,83.00120326484102
28.89972028266478,83.10120372226919
28.89972028266478,83.20120417969736
28.89972028266478,83.30120463712558
28.89972028266478,83.40120509455375
28.89972028266478,83.50120555198191
28.89972028266478,83.60120600941013
28.89972028266478,83.7012064668383
28.89972028266478,83.80120692426647
28.89972028266478,83.90120738169469
28.89972028266478,84.00120783912286
28.89972028266478,84.10120829655102
28.89972028266478,84.20120875397924
28.999720740092968,80.2011904568518
28.999720740092968,80.30119091428003
28.999720740092968,80.4011913717082
28.999720740092968,80.50119182913636
28.999720740092968,80.60119228656458
28.999720740092968,80.70119274399275
28.999720740092968,80.80119320142092
28.999720740092968,80.90119365884914
28.999720740092968,81.0011941162773
28.999720740092968,81.10119457370547
28.999720740092968,81.2011950311337
28.999720740092968,81.30119548856186
28.999720740092968,81.40119594599003
28.999720740092968,81.50119640341825
28.999720740092968,81.60119686084641
28.999720740092968,81.70119731827458
28.999720740092968,81.8011977757028
28.999720740092968,81.90119823313097
28.999720740092968,82.00119869055914
28.999720740092968,82.10119914798736
28.999720740092968,82.20119960541552
28.999720740092968,82.30120006284369
28.999720740092968,82.40120052027191
28.999720740092968,82.50120097770008
28.999720740092968,82.60120143512825
28.999720740092968,82.70120189255647
28.999720740092968,82.80120234998464
28.999720740092968,82.9012028074128
28.999720740092968,83.00120326484102
28.999720740092968,83.10120372226919
28.999720740092968,83.20120417969736
28.999720740092968,83.30120463712558
28.999720740092968,83.40120509455375
28.999720740092968,83.50120555198191
28.999720740092968,83.60120600941013
28.999720740092968,83.7012064668383
28.999720740092968,83.80120692426647
28.999720740092968,83.90120738169469
28.999720740092968,84.00120783912286
28.999720740092968,84.10120829655102
28.999720740092968,84.20120875397924
29.09972119752116,80.2011904568518
29.09972119752116,80.30119091428003
29.09972119752116,80.4011913717082
29.09972119752116,80.50119182913636
29.09972119752116,80.60119228656458
29.09972119752116,80.70119274399275
29.09972119752116,80.80119320142092
29.09972119752116,80.90119365884914
29.09972119752116,81.0011941162773
29.09972119752116,81.10119457370547
29.09972119752116,81.2011950311337
29.09972119752116,81.30119548856186
29.09972119752116,81.40119594599003
29.09972119752116,81.50119640341825
29.09972119752116,81.60119686084641
29.09972119752116,81.70119731827458
29.09972119752116,81.8011977757028
29.09972119752116,81.90119823313097
29.09972119752116,82.00119869055914
29.09972119752116,82.10119914798736
29.09972119752116,82.20119960541552
29.09972119752116,82.30120006284369
29.09972119752116,82.40120052027191
29.09972119752116,82.50120097770008
29.09972119752116,82.60120143512825
29.09972119752116,82.70120189255647
29.09972119752116,82.80120234998464
29.09972119752116,82.9012028074128
29.09972119752116,83.00120326484102
29.09972119752116,83.10120372226919
29.09972119752116,83.20120417969736
29.09972119752116,83.30120463712558
29.09972119752116,83.40120509455375
29.09972119752116,83.50120555198191
29.09972119752116,83.60120600941013
29.09972119752116,83.7012064668383
29.09972119752116,83.80120692426647
29.09972119752116,83.90120738169469
29.09972119752116,84.00120783912286
29.09972119752116,84.10120829655102
29.199721654949336,80.30119091428003
29.199721654949336,80.4011913717082
29.199721654949336,80.50119182913636
29.199721654949336,80.60119228656458
29.199721654949336,80.70119274399275
29.199721654949336,80.80119320142092
29.199721654949336,80.90119365884914
29.199721654949336,81.0011941162773
29.199721654949336,81.10119457370547
29.199721654949336,81.2011950311337
29.199721654949336,81.30119548856186
29.199721654949336,81.40119594599003
29.199721654949336,81.50119640341825
29.199721654949336,81.60119686084641
29.199721654949336,81.70119731827458
29.199721654949336,81.8011977757028
29.199721654949336,81.90119823313097
29.199721654949336,82.00119869055914
29.199721654949336,82.10119914798736
29.199721654949336,82.20119960541552
29.199721654949336,82.30120006284369
29.199721654949336,82.40120052027191
29.199721654949336,82.50120097770008
29.199721654949336,82.60120143512825
29.199721654949336,82.70120189255647
29.199721654949336,82.80120234998464
29.199721654949336,82.9012028074128
29.199721654949336,83.00120326484102
29.199721654949336,83.10120372226919
29.199721654949336,83.20120417969736
29.199721654949336,83.30120463712558
29.199721654949336,83.40120509455375
29.199721654949336,83.50120555198191
29.199721654949336,83.7012064668383
29.199721654949336,83.80120692426647
29.199721654949336,83.90120738169469
29.199721654949336,84.00120783912286
29.199721654949336,84.10120829655102
29.299722112377523,80.4011913717082
29.299722112377523,80.50119182913636
29.299722112377523,80.60119228656458
29.299722112377523,80.70119274399275
29.299722112377523,80.80119320142092
29.299722112377523,80.90119365884914
29.299722112377523,81.0011941162773
29.299722112377523,81.10119457370547
29.299722112377523,81.2011950311337
29.299722112377523,81.30119548856186
29.299722112377523,81.40119594599003
29.299722112377523,81.50119640341825
29.299722112377523,81.60119686084641
29.299722112377523,81.70119731827458
29.299722112377523,81.8011977757028
29.299722112377523,81.90119823313097
29.299722112377523,82.00119869055914
29.299722112377523,82.10119914798736
29.299722112377523,82.20119960541552
29.299722112377523,82.30120006284369
29.299722112377523,82.40120052027191
29.299722112377523,82.50120097770008
29.299722112377523,82.60120143512825
29.299722112377523,82.70120189255647
29.299722112377523,82.80120234998464
29.299722112377523,82.9012028074128
29.299722112377523,83.00120326484102
29.299722112377523,83.10120372226919
29.299722112377523,83.20120417969736
29.299722112377523,83.30120463712558
29.299722112377523,83.40120509455375
29.299722112377523,83.90120738169469
29.39972256980571,80.30119091428003
29.39972256980571,80.4011913717082
29.39972256980571,80.50119182913636
29.39972256980571,80.60119228656458
29.39972256980571,80.70119274399275
29.39972256980571,80.80119320142092
29.39972256980571,80.90119365884914
29.39972256980571,81.0011941162773
29.39972256980571,81.10119457370547
29.39972256980571,81.2011950311337
29.39972256980571,81.30119548856186
29.39972256980571,81.40119594599003
29.39972256980571,81.50119640341825
29.39972256980571,81.60119686084641
29.39972256980571,81.70119731827458
29.39972256980571,81.8011977757028
29.39972256980571,81.90119823313097
29.39972256980571,82.00119869055914
29.39972256980571,82.10119914798736
29.39972256980571,82.20119960541552
29.39972256980571,82.30120006284369
29.39972256980571,82.40120052027191
29.39972256980571,82.50120097770008
29.39972256980571,82.60120143512825
29.39972256980571,82.70120189255647
29.39972256980571,82.80120234998464
29.39972256980571,82.9012028074128
29.39972256980571,83.00120326484102
29.39972256980571,83.10120372226919
29.39972256980571,83.20120417969736
29.39972256980571,83.30120463712558
29.39972256980571,83.40120509455375
29.49972302723389,80.4011913717082
29.49972302723389,80.50119182913636
29.49972302723389,80.60119228656458
29.49972302723389,80.70119274399275
29.49972302723389,80.80119320142092
29.49972302723389,80.90119365884914
29.49972302723389,81.0011941162773
29.49972302723389,81.10119457370547
29.49972302723389,81.2011950311337
29.49972302723389,81.30119548856186
29.49972302723389,81.40119594599003
29.49972302723389,81.50119640341825
29.49972302723389,81.60119686084641
29.49972302723389,81.70119731827458
29.49972302723389,81.8011977757028
29.49972302723389,81.90119823313097
29.49972302723389,82.00119869055914
29.49972302723389,82.10119914798736
29.49972302723389,82.20119960541552
29.49972302723389,82.30120006284369
29.49972302723389,82.40120052027191
29.49972302723389,82.50120097770008
29.49972302723389,82.60120143512825
29.49972302723389,82.70120189255647
29.49972302723389,82.80120234998464
29.49972302723389,82.9012028074128
29.49972302723389,83.00120326484102
29.49972302723389,83.10120372226919
29.49972302723389,83.20120417969736
29.59972348466208,80.50119182913636
29.59972348466208,80.60119228656458
29.59972348466208,80.70119274399275
29.59972348466208,80.80119320142092
29.59972348466208,80.90119365884914
29.59972348466208,81.0011941162773
29.59972348466208,81.10119457370547
29.59972348466208,81.2011950311337
29.59972348466208,81.30119548856186
29.59972348466208,81.40119594599003
29.59972348466208,81.50119640341825
29.59972348466208,81.60119686084641
29.59972348466208,81.70119731827458
29.59972348466208,81.8011977757028
29.59972348466208,81.90119823313097
29.59972348466208,82.00119869055914
29.59972348466208,82.10119914798736
29.59972348466208,82.20119960541552
29.59972348466208,82.30120006284369
29.59972348466208,82.40120052027191
29.59972348466208,82.50120097770008
29.59972348466208,82.60120143512825
29.59972348466208,82.70120189255647
29.59972348466208,82.80120234998464
29.59972348466208,82.9012028074128
29.59972348466208,83.00120326484102
29.59972348466208,83.10120372226919
29.59972348466208,83.20120417969736
29.699723942090262,80.4011913717082
29.699723942090262,80.50119182913636
29.699723942090262,80.60119228656458
29.699723942090262,80.70119274399275
29.699723942090262,80.80119320142092
29.699723942090262,80.90119365884914
29.699723942090262,81.0011941162773
29.699723942090262,81.10119457370547
29.699723942090262,81.2011950311337
29.699723942090262,81.30119548856186
29.699723942090262,81.40119594599003
29.699723942090262,81.50119640341825
29.699723942090262,81.60119686084641
29.699723942090262,81.70119731827458
29.699723942090262,81.8011977757028
29.699723942090262,81.90119823313097
29.699723942090262,82.00119869055914
29.699723942090262,82.10119914798736
29.699723942090262,82.20119960541552
29.699723942090262,82.30120006284369
29.699723942090262,82.40120052027191
29.699723942090262,82.50120097770008
29.699723942090262,82.60120143512825
29.699723942090262,82.70120189255647
29.699723942090262,82.80120234998464
29.699723942090262,82.9012028074128
29.79972439951845,80.50119182913636
29.79972439951845,80.60119228656458
29.79972439951845,80.70119274399275
29.79972439951845,80.80119320142092
29.79972439951845,80.90119365884914
29.79972439951845,81.0011941162773
29.79972439951845,81.10119457370547
29.79972439951845,81.2011950311337
29.79972439951845,81.30119548856186
29.79972439951845,81.40119594599003
29.79972439951845,81.50119640341825
29.79972439951845,81.60119686084641
29.79972439951845,81.70119731827458
29.79972439951845,81.8011977757028
29.79972439951845,81.90119823313097
29.79972439951845,82.00119869055914
29.79972439951845,82.10119914798736
29.79972439951845,82.20119960541552
29.79972439951845,82.30120006284369
29.79972439951845,82.40120052027191
29.79972439951845,82.50120097770008
29.79972439951845,82.60120143512825
29.79972439951845,82.70120189255647
29.899724856946637,80.60119228656458
29.899724856946637,80.70119274399275
29.899724856946637,80.80119320142092
29.899724856946637,80.90119365884914
29.899724856946637,81.0011941162773
29.899724856946637,81.10119457370547
29.899724856946637,81.2011950311337
29.899724856946637,81.30119548856186
29.899724856946637,81.40119594599003
29.899724856946637,81.50119640341825
29.899724856946637,81.60119686084641
29.899724856946637,81.70119731827458
29.899724856946637,81.8011977757028
29.899724856946637,81.90119823313097
29.899724856946637,82.00119869055914
29.899724856946637,82.10119914798736
29.899724856946637,82.20119960541552
29.899724856946637,82.30120006284369
29.899724856946637,82.40120052027191
29.899724856946637,82.50120097770008
29.899724856946637,82.60120143512825
29.99972531437482,80.80119320142092
29.99972531437482,80.90119365884914
29.99972531437482,81.0011941162773
29.99972531437482,81.10119457370547
29.99972531437482,81.2011950311337
29.99972531437482,81.30119548856186
29.99972531437482,81.40119594599003
29.99972531437482,81.50119640341825
29.99972531437482,81.60119686084641
29.99972531437482,81.70119731827458
29.99972531437482,81.8011977757028
29.99972531437482,81.90119823313097
29.99972531437482,82.00119869055914
29.99972531437482,82.10119914798736
29.99972531437482,82.20119960541552
29.99972531437482,82.30120006284369
29.99972531437482,82.40120052027191
30.09972577180301,80.90119365884914
30.09972577180301,81.0011941162773
30.09972577180301,81.10119457370547
30.09972577180301,81.30119548856186
30.09972577180301,81.40119594599003
30.09972577180301,81.50119640341825
30.09972577180301,81.60119686084641
30.09972577180301,81.70119731827458
30.09972577180301,81.8011977757028
30.09972577180301,81.90119823313097
30.09972577180301,82.00119869055914
30.09972577180301,82.10119914798736
30.19972622923119,80.90119365884914
30.19972622923119,81.40119594599003
30.19972622923119,81.50119640341825
30.19972622923119,81.60119686084641
30.19972622923119,81.70119731827458
30.19972622923119,81.8011977757028
30.19972622923119,81.90119823313097
30.19972622923119,82.00119869055914
30.19972622923119,82.10119914798736
30.299726686659376,81.50119640341825
30.299726686659376,81.60119686084641
30.299726686659376,81.70119731827458
30.299726686659376,81.8011977757028
30.299726686659376,81.90119823313097
30.299726686659376,82.00119869055914
30.299726686659376,82.10119914798736
30.399727144087564,81.60119686084641
30.399727144087564,81.70119731827458
